<?xml version="1.0" encoding="UTF-8"?>
<project-private xmlns="http://www.netbeans.org/ns/project-private/1">
    <editor-bookmarks xmlns="http://www.netbeans.org/ns/editor-bookmarks/2" lastBookmarkId="1">
        <file>
            <url>src/conexion/ConexionDocente.java</url>
            <bookmark id="1">
                <name/>
                <line>50</line>
                <key/>
            </bookmark>
        </file>
    </editor-bookmarks>
    <open-files xmlns="http://www.netbeans.org/ns/projectui-open-files/2">
        <group>
            <file>file:/C:/Users/G/Documents/NetBeansProjects/SistemaTutorInteligenteIngeco/src/formularios/frmDocente.java</file>
            <file>file:/C:/Users/G/Documents/NetBeansProjects/SistemaTutorInteligenteIngeco/src/formularios/formAmortizacion.java</file>
            <file>file:/C:/Users/G/Documents/NetBeansProjects/SistemaTutorInteligenteIngeco/src/conexion/ConexionDocente.java</file>
            <file>file:/C:/Users/G/Documents/NetBeansProjects/SistemaTutorInteligenteIngeco/src/clases/Usuario.java</file>
            <file>file:/C:/Users/G/Documents/NetBeansProjects/SistemaTutorInteligenteIngeco/src/formularios/frmTema.java</file>
            <file>file:/C:/Users/G/Documents/NetBeansProjects/SistemaTutorInteligenteIngeco/src/conexion/ConexionTema.java</file>
            <file>file:/C:/Users/G/Documents/NetBeansProjects/SistemaTutorInteligenteIngeco/src/formularios/frmFormulas.java</file>
            <file>file:/C:/Users/G/Documents/NetBeansProjects/SistemaTutorInteligenteIngeco/src/clases/Tema.java</file>
        </group>
    </open-files>
</project-private>
